columna_origen;estado_cruce;tipo_actual;len_actual;tipo_mapeo;len_mapeo;alerta_tipo_len;tabla_destino;campo_destino;transformacion;alerta_mapeo
ACCESORIO_1;OK_EN_AMBOS;nvarchar;255;nvarchar;255;;PRODUCTO_ACCESORIO;accesorio;Idealmente FK a otro producto si el accesorio existe en catálogo;
ACCESORIO_2;OK_EN_AMBOS;nvarchar;255;nvarchar;255;;PRODUCTO_ACCESORIO;accesorio;Idealmente FK a otro producto si el accesorio existe en catálogo;
ACTIVO_WO;OK_EN_AMBOS;bit;NULL;bit;;;PRODUCTO_CORE;activo;;
ALTO;OK_EN_AMBOS;numeric;NULL;numeric;;;PRODUCTO_LOGISTICA;alto;Datos físicos/logísticos 1:1 → tabla satélite;
ANCHO;OK_EN_AMBOS;numeric;NULL;numeric;;;PRODUCTO_LOGISTICA;ancho;Datos físicos/logísticos 1:1 → tabla satélite;
APLICACIONES;OK_EN_AMBOS;nvarchar;255;nvarchar;255;;PRODUCTO_APLICACION;aplicacion;Pivotear → filas;
APLICACION_1;OK_EN_AMBOS;nvarchar;255;nvarchar;255;;PRODUCTO_APLICACION;aplicacion;Pivotear → filas;
APLICACION_2;OK_EN_AMBOS;nvarchar;255;nvarchar;255;;PRODUCTO_APLICACION;aplicacion;Pivotear → filas;
APLICACION_3;OK_EN_AMBOS;nvarchar;255;nvarchar;255;;PRODUCTO_APLICACION;aplicacion;Pivotear → filas;
APLICACION_4;OK_EN_AMBOS;nvarchar;255;nvarchar;255;;PRODUCTO_APLICACION;aplicacion;Pivotear → filas;
APLICACION_5;OK_EN_AMBOS;nvarchar;255;nvarchar;255;;PRODUCTO_APLICACION;aplicacion;Pivotear → filas;
APLICACION_ESPECIFICA;OK_EN_AMBOS;nvarchar;255;nvarchar;255;;PRODUCTO_APLICACION;aplicacion;Pivotear → filas;
ARANCEL;OK_EN_AMBOS;numeric;NULL;numeric;;;PRODUCTO_LOGISTICA;arancel;Comercio exterior;
BLOQUEADO;OK_EN_AMBOS;nvarchar;20;nvarchar;20;;PRODUCTO_CORE;bloqueado;"bit; hoy es nvarchar(20) → convertir";
BUSCA_APLICACION;OK_EN_AMBOS;nvarchar;255;nvarchar;255;;PRODUCTO_KEYWORD;keyword;tipo=APLICACION;
CAMPANA;OK_EN_AMBOS;nvarchar;100;nvarchar;100;;CAMPANA;nombre;Tabla maestra CAMPANA;
CANT_STOCK_IMPORTADO;OK_EN_AMBOS;numeric;NULL;numeric;;;PRODUCTO_INVENTARIO;cant_stock_importado;Atributos de stock por bodega/registro;
CAR_COM_1;OK_EN_AMBOS;nvarchar;100;nvarchar;100;;PRODUCTO_PARAMETRO;valor_texto;Características comerciales → filas con parametro tipo=COMERCIAL;
CAR_COM_2;OK_EN_AMBOS;nvarchar;100;nvarchar;100;;PRODUCTO_PARAMETRO;valor_texto;Características comerciales → filas con parametro tipo=COMERCIAL;
CAR_COM_3;OK_EN_AMBOS;nvarchar;100;nvarchar;100;;PRODUCTO_PARAMETRO;valor_texto;Características comerciales → filas con parametro tipo=COMERCIAL;
CAR_COM_4;OK_EN_AMBOS;nvarchar;100;nvarchar;100;;PRODUCTO_PARAMETRO;valor_texto;Características comerciales → filas con parametro tipo=COMERCIAL;
CAR_COM_5;OK_EN_AMBOS;nvarchar;100;nvarchar;100;;PRODUCTO_PARAMETRO;valor_texto;Características comerciales → filas con parametro tipo=COMERCIAL;
CAR_COM_6;OK_EN_AMBOS;nvarchar;100;nvarchar;100;;PRODUCTO_PARAMETRO;valor_texto;Características comerciales → filas con parametro tipo=COMERCIAL;
CAR_COM_7;OK_EN_AMBOS;nvarchar;100;nvarchar;100;;PRODUCTO_PARAMETRO;valor_texto;Características comerciales → filas con parametro tipo=COMERCIAL;
CAR_COM_8;OK_EN_AMBOS;nvarchar;100;nvarchar;100;;PRODUCTO_PARAMETRO;valor_texto;Características comerciales → filas con parametro tipo=COMERCIAL;
CAR_COM_9;OK_EN_AMBOS;nvarchar;100;nvarchar;100;;PRODUCTO_PARAMETRO;valor_texto;Características comerciales → filas con parametro tipo=COMERCIAL;
CAR_IND_1;OK_EN_AMBOS;nvarchar;400;nvarchar;400;;PRODUCTO_PARAMETRO;valor_texto;Pivotear 13 pares TIT/CAR → filas (producto_id, parametro_id, valor);
CAR_IND_10;OK_EN_AMBOS;nvarchar;400;nvarchar;400;;PRODUCTO_PARAMETRO;valor_texto;Pivotear 13 pares TIT/CAR → filas (producto_id, parametro_id, valor);
CAR_IND_11;OK_EN_AMBOS;nvarchar;255;nvarchar;255;;PRODUCTO_PARAMETRO;valor_texto;Pivotear 13 pares TIT/CAR → filas (producto_id, parametro_id, valor);
CAR_IND_12;OK_EN_AMBOS;nvarchar;400;nvarchar;400;;PRODUCTO_PARAMETRO;valor_texto;Pivotear 13 pares TIT/CAR → filas (producto_id, parametro_id, valor);
CAR_IND_13;OK_EN_AMBOS;nvarchar;400;nvarchar;400;;PRODUCTO_PARAMETRO;valor_texto;Pivotear 13 pares TIT/CAR → filas (producto_id, parametro_id, valor);
CAR_IND_2;OK_EN_AMBOS;nvarchar;400;nvarchar;400;;PRODUCTO_PARAMETRO;valor_texto;Pivotear 13 pares TIT/CAR → filas (producto_id, parametro_id, valor);
CAR_IND_3;OK_EN_AMBOS;nvarchar;255;nvarchar;255;;PRODUCTO_PARAMETRO;valor_texto;Pivotear 13 pares TIT/CAR → filas (producto_id, parametro_id, valor);
CAR_IND_4;OK_EN_AMBOS;nvarchar;255;nvarchar;255;;PRODUCTO_PARAMETRO;valor_texto;Pivotear 13 pares TIT/CAR → filas (producto_id, parametro_id, valor);
CAR_IND_5;OK_EN_AMBOS;nvarchar;400;nvarchar;400;;PRODUCTO_PARAMETRO;valor_texto;Pivotear 13 pares TIT/CAR → filas (producto_id, parametro_id, valor);
CAR_IND_6;OK_EN_AMBOS;nvarchar;400;nvarchar;400;;PRODUCTO_PARAMETRO;valor_texto;Pivotear 13 pares TIT/CAR → filas (producto_id, parametro_id, valor);
CAR_IND_7;OK_EN_AMBOS;nvarchar;400;nvarchar;400;;PRODUCTO_PARAMETRO;valor_texto;Pivotear 13 pares TIT/CAR → filas (producto_id, parametro_id, valor);
CAR_IND_8;OK_EN_AMBOS;nvarchar;400;nvarchar;400;;PRODUCTO_PARAMETRO;valor_texto;Pivotear 13 pares TIT/CAR → filas (producto_id, parametro_id, valor);
CAR_IND_9;OK_EN_AMBOS;nvarchar;400;nvarchar;400;;PRODUCTO_PARAMETRO;valor_texto;Pivotear 13 pares TIT/CAR → filas (producto_id, parametro_id, valor);
CCD_ANTERIOR;OK_EN_AMBOS;numeric;NULL;numeric;;;PRODUCTO_PRECIO;valor;Histórico: tipo_precio=CCD, es_actual=0;
CCD_FECHA;OK_EN_AMBOS;datetime;NULL;datetime;;;PRODUCTO_AUDITORIA;campo / usuario / fecha;Pares *_FECHA / *_MODIFICO / *_TERMINAL → filas (producto_id, campo, usuario, fecha);
CCD_MODIFICO;OK_EN_AMBOS;nvarchar;3;nvarchar;3;;PRODUCTO_AUDITORIA;campo / usuario / fecha;Pares *_FECHA / *_MODIFICO / *_TERMINAL → filas (producto_id, campo, usuario, fecha);
CD_ANTERIOR;OK_EN_AMBOS;numeric;NULL;numeric;;;PRODUCTO_PRECIO;valor;Histórico: tipo_precio=CD, es_actual=0;
CD_FECHA;OK_EN_AMBOS;datetime;NULL;datetime;;;PRODUCTO_AUDITORIA;campo / usuario / fecha;Pares *_FECHA / *_MODIFICO / *_TERMINAL → filas (producto_id, campo, usuario, fecha);
CD_MODIFICO;OK_EN_AMBOS;nvarchar;3;nvarchar;3;;PRODUCTO_AUDITORIA;campo / usuario / fecha;Pares *_FECHA / *_MODIFICO / *_TERMINAL → filas (producto_id, campo, usuario, fecha);
CERTIFICADO_1;OK_EN_AMBOS;nvarchar;50;nvarchar;50;;PRODUCTO_CERTIFICADO;certificado;Pivotear → filas;
CERTIFICADO_2;OK_EN_AMBOS;nvarchar;50;nvarchar;50;;PRODUCTO_CERTIFICADO;certificado;Pivotear → filas;
CERTIFICADO_3;OK_EN_AMBOS;nvarchar;50;nvarchar;50;;PRODUCTO_CERTIFICADO;certificado;Pivotear → filas;
CERTIFICADO_CALIBRACION;OK_EN_AMBOS;nvarchar;100;nvarchar;100;;PRODUCTO_CERTIFICADO;certificado / cod_proveedor;tipo=CALIBRACION;
CHECKLIST_PRODUCTOS;OK_EN_AMBOS;bit;NULL;bit;;;REVISAR/ELIMINAR;—;"Columna temporal, checklist o de proceso; validar si sigue en uso antes de migrar";
CHECKLIST_TEMPORAL;OK_EN_AMBOS;bit;NULL;bit;;;REVISAR/ELIMINAR;—;"Columna temporal, checklist o de proceso; validar si sigue en uso antes de migrar";
CHECKLIST_TEMPORAL_2;OK_EN_AMBOS;bit;NULL;bit;;;REVISAR/ELIMINAR;—;"Columna temporal, checklist o de proceso; validar si sigue en uso antes de migrar";
CLASIFICACION_1;OK_EN_AMBOS;nvarchar;255;nvarchar;255;;PRODUCTO_CATEGORIA;categoria_id (FK);CLASIFICACION_1..11 → filas producto-categoría (es_principal para la 1);
CLASIFICACION_10;OK_EN_AMBOS;nvarchar;100;nvarchar;100;;PRODUCTO_CATEGORIA;categoria_id (FK);CLASIFICACION_1..11 → filas producto-categoría (es_principal para la 1);
CLASIFICACION_11;OK_EN_AMBOS;nvarchar;100;nvarchar;100;;PRODUCTO_CATEGORIA;categoria_id (FK);CLASIFICACION_1..11 → filas producto-categoría (es_principal para la 1);
CLASIFICACION_2;OK_EN_AMBOS;nvarchar;255;nvarchar;255;;PRODUCTO_CATEGORIA;categoria_id (FK);CLASIFICACION_1..11 → filas producto-categoría (es_principal para la 1);
CLASIFICACION_3;OK_EN_AMBOS;nvarchar;255;nvarchar;255;;PRODUCTO_CATEGORIA;categoria_id (FK);CLASIFICACION_1..11 → filas producto-categoría (es_principal para la 1);
CLASIFICACION_4;OK_EN_AMBOS;nvarchar;255;nvarchar;255;;PRODUCTO_CATEGORIA;categoria_id (FK);CLASIFICACION_1..11 → filas producto-categoría (es_principal para la 1);
CLASIFICACION_5;OK_EN_AMBOS;nvarchar;255;nvarchar;255;;PRODUCTO_CATEGORIA;categoria_id (FK);CLASIFICACION_1..11 → filas producto-categoría (es_principal para la 1);
CLASIFICACION_6;OK_EN_AMBOS;nvarchar;255;nvarchar;255;;PRODUCTO_CATEGORIA;categoria_id (FK);CLASIFICACION_1..11 → filas producto-categoría (es_principal para la 1);
CLASIFICACION_7;OK_EN_AMBOS;nvarchar;255;nvarchar;255;;PRODUCTO_CATEGORIA;categoria_id (FK);CLASIFICACION_1..11 → filas producto-categoría (es_principal para la 1);
CLASIFICACION_8;OK_EN_AMBOS;nvarchar;100;nvarchar;100;;PRODUCTO_CATEGORIA;categoria_id (FK);CLASIFICACION_1..11 → filas producto-categoría (es_principal para la 1);
CLASIFICACION_9;OK_EN_AMBOS;nvarchar;100;nvarchar;100;;PRODUCTO_CATEGORIA;categoria_id (FK);CLASIFICACION_1..11 → filas producto-categoría (es_principal para la 1);
CLASIFICACION_WO;OK_EN_AMBOS;nvarchar;50;nvarchar;50;;PRODUCTO_CATEGORIA;categoria_id (FK);Clasificación del ERP → otra dimensión de categoría;
CLASI_MERCA;OK_EN_AMBOS;nvarchar;255;nvarchar;255;;PRODUCTO_CATEGORIA;categoria_id (FK);Dimensiones de mercado/cliente → categorías tipo=MERCADO;
CODIGO;OK_EN_AMBOS;nvarchar;255;nvarchar;255;;PRODUCTO_CORE;codigo;"Clave natural; producto_id será surrogate int";
CODIGO_ARANCELARIO;OK_EN_AMBOS;nvarchar;50;nvarchar;50;;PRODUCTO_LOGISTICA;codigo_arancelario;Comercio exterior;
CODIGO_PRE;OK_EN_AMBOS;nvarchar;10;nvarchar;10;;PRODUCTO_CORE;codigo_pre;Código corto alterno;
CODIGO_PROV;OK_EN_AMBOS;nvarchar;50;nvarchar;50;;PRODUCTO_PROVEEDOR;codigo_proveedor;Código del producto en el proveedor;
CODIGO_PROV_2;OK_EN_AMBOS;nvarchar;50;nvarchar;50;;PRODUCTO_PROVEEDOR;codigo_proveedor;Código del producto en el proveedor;
CODIGO_PROV_3;OK_EN_AMBOS;nvarchar;50;nvarchar;50;;PRODUCTO_PROVEEDOR;codigo_proveedor;Código del producto en el proveedor;
COD_CC;OK_EN_AMBOS;nvarchar;50;nvarchar;50;;PRODUCTO_CORE;cod_cc;"Códigos contables (centro costo/venta); si crecen, tabla aparte";
COD_CV;OK_EN_AMBOS;nvarchar;50;nvarchar;50;;PRODUCTO_CORE;cod_cv;"Códigos contables (centro costo/venta); si crecen, tabla aparte";
COD_PROV_CALIBRACION;OK_EN_AMBOS;nvarchar;50;nvarchar;50;;PRODUCTO_CERTIFICADO;certificado / cod_proveedor;tipo=CALIBRACION;
COD_PROV_SC;OK_EN_AMBOS;nvarchar;50;nvarchar;50;;PRODUCTO_PROVEEDOR;codigo_proveedor;tipo=SERVICIO_CLIENTE;
COMPRA_OBSERVACION;OK_EN_AMBOS;nvarchar;-1;nvarchar;MAX;LONGITUD_DISTINTA;PRODUCTO_COMPRA;observacion;;
COMPRA_OBSERVACION_FECHA;OK_EN_AMBOS;datetime;NULL;datetime;;;PRODUCTO_AUDITORIA;campo / usuario / fecha;Pares *_FECHA / *_MODIFICO / *_TERMINAL → filas (producto_id, campo, usuario, fecha);
COMPRA_OBSERVACION_TERMINAL;OK_EN_AMBOS;nvarchar;3;nvarchar;3;;PRODUCTO_AUDITORIA;campo / usuario / fecha;Pares *_FECHA / *_MODIFICO / *_TERMINAL → filas (producto_id, campo, usuario, fecha);
CONSIGNACION_WO;OK_EN_AMBOS;bit;NULL;bit;;;PRODUCTO_ERP_WO;consignacion;Flags de configuración World Office → tabla satélite 1:1;
COSTO;OK_EN_AMBOS;int;NULL;int;;;PRODUCTO_PRECIO;valor;tipo_precio=COSTO, moneda=COP, es_actual=1;
COSTO_CON_DES;OK_EN_AMBOS;int;NULL;int;;;PRODUCTO_PRECIO;valor;tipo_precio=COSTO_CON_DESCUENTO, moneda=COP, es_actual=1;
COSTO_DOLAR;OK_EN_AMBOS;numeric;NULL;numeric;;;PRODUCTO_PRECIO;valor;tipo_precio=COSTO, moneda=USD, es_actual=1;
COSTO_DOLAR_IA;OK_EN_AMBOS;numeric;NULL;numeric;;;PRODUCTO_IA;costo_dolar_ia;Enriquecimiento IA → tabla staging separada del modelo transaccional;
COSTO_PROMEDIO;OK_EN_AMBOS;numeric;NULL;numeric;;;PRODUCTO_PRECIO;valor;tipo_precio=COSTO_PROMEDIO, moneda=COP, es_actual=1;
CSD_ANTERIOR;OK_EN_AMBOS;numeric;NULL;numeric;;;PRODUCTO_PRECIO;valor;Histórico: tipo_precio=CSD, es_actual=0;
DEFINICION_L;OK_EN_AMBOS;nvarchar;400;nvarchar;400;;PRODUCTO_DESCRIPCION;texto;tipo=DEFINICION_L;
DEFINICION_LE;OK_EN_AMBOS;nvarchar;400;nvarchar;400;;PRODUCTO_DESCRIPCION;texto;tipo=DEFINICION_LE;
DEFINICION_LP;OK_EN_AMBOS;nvarchar;400;nvarchar;400;;PRODUCTO_DESCRIPCION;texto;tipo=DEFINICION_LP;
DEFINICION_SL;OK_EN_AMBOS;nvarchar;400;nvarchar;400;;PRODUCTO_DESCRIPCION;texto;tipo=DEFINICION_SL;
DEFINICION_V;OK_EN_AMBOS;nvarchar;400;nvarchar;400;;PRODUCTO_DESCRIPCION;texto;tipo=DEFINICION_V;
DESCRIPCION_CORTA_KEY_256;OK_EN_AMBOS;nvarchar;256;nvarchar;256;;ELIMINAR;—;"Columnas KEY derivadas para índices; en el modelo nuevo son índices/computed columns";
DESCRIPCION_CORTA_PRE;OK_EN_AMBOS;nvarchar;250;nvarchar;250;;PRODUCTO_DESCRIPCION;texto;tipo=CORTA, idioma=es;
DESCRIPCION_LARGA_450;OK_EN_AMBOS;nvarchar;450;nvarchar;450;;ELIMINAR;—;"Derivada (truncado a 450); se genera en consulta, no se almacena";
DESCRIPCION_LARGA_PRE;OK_EN_AMBOS;nvarchar;4000;nvarchar;4000;;PRODUCTO_DESCRIPCION;texto;tipo=LARGA, idioma=es (¡parsear separador ■ ANTES de migrar!);
DESCUENTO_ANTERIOR;OK_EN_AMBOS;int;NULL;int;;;PRODUCTO_PRECIO;valor;Histórico: tipo_precio=DESCUENTO, es_actual=0;
DESCUENTO_IDEAL;OK_EN_AMBOS;int;NULL;int;;;PRODUCTO_PRECIO;valor;tipo_precio=DESCUENTO_IDEAL, moneda=%, es_actual=1;
DESCUENTO_IDEAL_FORZAR;OK_EN_AMBOS;bit;NULL;bit;;;REVISAR/ELIMINAR;—;"Columna temporal, checklist o de proceso; validar si sigue en uso antes de migrar";
DESCUENTO_IDEAL_FORZAR_DIFERENCIA;OK_EN_AMBOS;bit;NULL;bit;;;REVISAR/ELIMINAR;—;"Columna temporal, checklist o de proceso; validar si sigue en uso antes de migrar";
DES_COSTO;OK_EN_AMBOS;int;NULL;int;;;PRODUCTO_PRECIO;valor;tipo_precio=DESCUENTO_COSTO, moneda=%, es_actual=1;
DES_VENTA;OK_EN_AMBOS;int;NULL;int;;;PRODUCTO_PRECIO;valor;tipo_precio=DESCUENTO_VENTA, moneda=%, es_actual=1;
DIAS_ESTIMADOS;OK_EN_AMBOS;numeric;NULL;numeric;;;PRODUCTO_INVENTARIO;dias_estimados;Atributos de stock por bodega/registro;
DIBUJO_2;OK_EN_AMBOS;nvarchar;255;nvarchar;255;;PRODUCTO_MEDIA;url;tipo=DIBUJO → filas con orden;
DIBUJO_3;OK_EN_AMBOS;nvarchar;255;nvarchar;255;;PRODUCTO_MEDIA;url;tipo=DIBUJO → filas con orden;
DIBUJO_4;OK_EN_AMBOS;nvarchar;255;nvarchar;255;;PRODUCTO_MEDIA;url;tipo=DIBUJO → filas con orden;
DIMENSION;OK_EN_AMBOS;nvarchar;100;nvarchar;100;;PRODUCTO_PARAMETRO;valor_texto;parametro=DIMENSION (texto libre legado);
DIMENSIONES_FECHA;OK_EN_AMBOS;datetime;NULL;datetime;;;PRODUCTO_AUDITORIA;campo / usuario / fecha;Pares *_FECHA / *_MODIFICO / *_TERMINAL → filas (producto_id, campo, usuario, fecha);
DIMENSIONES_TERMINAL;OK_EN_AMBOS;nvarchar;3;nvarchar;3;;PRODUCTO_AUDITORIA;campo / usuario / fecha;Pares *_FECHA / *_MODIFICO / *_TERMINAL → filas (producto_id, campo, usuario, fecha);
DOLAR;OK_EN_AMBOS;nvarchar;50;nvarchar;50;;PRODUCTO_PRECIO;fuente;Flag/indicador dólar → atributo de la fila de precio;
D_FECHA;OK_EN_AMBOS;datetime;NULL;datetime;;;PRODUCTO_AUDITORIA;campo / usuario / fecha;Pares *_FECHA / *_MODIFICO / *_TERMINAL → filas (producto_id, campo, usuario, fecha);
D_MODIFICO;OK_EN_AMBOS;nvarchar;3;nvarchar;3;;PRODUCTO_AUDITORIA;campo / usuario / fecha;Pares *_FECHA / *_MODIFICO / *_TERMINAL → filas (producto_id, campo, usuario, fecha);
ECUADOR;OK_EN_AMBOS;bit;NULL;bit;;;PRODUCTO_VISIBILIDAD;visible;canal/pais=ECUADOR;
EQUIVALENTE;OK_EN_AMBOS;nvarchar;50;nvarchar;50;;PRODUCTO_EQUIVALENTE;referencia_equivalente;Pivotear _1/_2 → filas;
EQUIVALENTE_2;OK_EN_AMBOS;nvarchar;50;nvarchar;50;;PRODUCTO_EQUIVALENTE;referencia_equivalente;Pivotear _1/_2 → filas;
EQUIVALENTE_IA;OK_EN_AMBOS;nvarchar;50;nvarchar;50;;PRODUCTO_EQUIVALENTE;referencia_equivalente;tipo=IA, fuente=IA;
EQUIVALENTE_VERIFICADO;OK_EN_AMBOS;bit;NULL;bit;;;PRODUCTO_EQUIVALENTE;verificado;bit por fila de equivalente;
EQUIVALENTE_VERIFICADO_2;OK_EN_AMBOS;bit;NULL;bit;;;PRODUCTO_EQUIVALENTE;verificado;bit por fila de equivalente;
EXISTENCIA;OK_EN_AMBOS;nvarchar;255;nvarchar;255;;PRODUCTO_INVENTARIO;cantidad;"bodega=PRINCIPAL; EXISTENCIA hoy es nvarchar → convertir a numeric";
EXISTENCIA_MAXIMA_WO;OK_EN_AMBOS;numeric;NULL;numeric;;;PRODUCTO_INVENTARIO;existencia_maxima;Parámetros de reposición;
EXISTENCIA_MINIMA_WO;OK_EN_AMBOS;numeric;NULL;numeric;;;PRODUCTO_INVENTARIO;existencia_minima;Parámetros de reposición;
FACTOR_COSTO_DOLAR;OK_EN_AMBOS;numeric;NULL;numeric;;;PRODUCTO_PRECIO;valor;tipo_precio=FACTOR_COSTO, moneda=USD, es_actual=1;
FACTOR_DOLAR_NO_VISIBLES_TMP;OK_EN_AMBOS;bit;NULL;bit;;;REVISAR/ELIMINAR;—;"Columna temporal, checklist o de proceso; validar si sigue en uso antes de migrar";
FACTOR_DOLAR_TMP;OK_EN_AMBOS;bit;NULL;bit;;;REVISAR/ELIMINAR;—;"Columna temporal, checklist o de proceso; validar si sigue en uso antes de migrar";
FACTOR_DOLAR_VISIBLES_TMP;OK_EN_AMBOS;bit;NULL;bit;;;REVISAR/ELIMINAR;—;"Columna temporal, checklist o de proceso; validar si sigue en uso antes de migrar";
FACTOR_PRECIO_DOLAR;OK_EN_AMBOS;numeric;NULL;numeric;;;PRODUCTO_PRECIO;valor;tipo_precio=FACTOR_PRECIO, moneda=USD, es_actual=1;
FACTURAR_SIN_EXISTENCIAS_WO;OK_EN_AMBOS;bit;NULL;bit;;;PRODUCTO_ERP_WO;facturar_sin_existencias;Flags de configuración World Office → tabla satélite 1:1;
FCD_FECHA;OK_EN_AMBOS;datetime;NULL;datetime;;;PRODUCTO_AUDITORIA;campo / usuario / fecha;Pares *_FECHA / *_MODIFICO / *_TERMINAL → filas (producto_id, campo, usuario, fecha);
FCD_MODIFICO;OK_EN_AMBOS;nvarchar;3;nvarchar;3;;PRODUCTO_AUDITORIA;campo / usuario / fecha;Pares *_FECHA / *_MODIFICO / *_TERMINAL → filas (producto_id, campo, usuario, fecha);
FECHA_COSTO;OK_EN_AMBOS;datetime;NULL;datetime;;;PRODUCTO_AUDITORIA;campo / usuario / fecha;Pares *_FECHA / *_MODIFICO / *_TERMINAL → filas (producto_id, campo, usuario, fecha);
FECHA_INGRESO;OK_EN_AMBOS;datetime;NULL;datetime;;;PRODUCTO_CORE;fecha_ingreso;;
FECHA_STOCK;OK_EN_AMBOS;datetime;NULL;datetime;;;PRODUCTO_INVENTARIO;fecha_stock;Atributos de stock por bodega/registro;
FECHA_UM;OK_EN_AMBOS;datetime;NULL;datetime;;;PRODUCTO_AUDITORIA;campo / usuario / fecha;Pares *_FECHA / *_MODIFICO / *_TERMINAL → filas (producto_id, campo, usuario, fecha);
FOTO_PROD;OK_EN_AMBOS;nvarchar;200;nvarchar;200;;PRODUCTO_MEDIA;url;tipo=FOTO, es_principal=1;
FPD_ANTERIOR;OK_EN_AMBOS;int;NULL;int;;;PRODUCTO_PRECIO;valor;Histórico: tipo_precio=FPD, es_actual=0;
FPD_FECHA;OK_EN_AMBOS;datetime;NULL;datetime;;;PRODUCTO_AUDITORIA;campo / usuario / fecha;Pares *_FECHA / *_MODIFICO / *_TERMINAL → filas (producto_id, campo, usuario, fecha);
FPD_MODIFICO;OK_EN_AMBOS;nvarchar;3;nvarchar;3;;PRODUCTO_AUDITORIA;campo / usuario / fecha;Pares *_FECHA / *_MODIFICO / *_TERMINAL → filas (producto_id, campo, usuario, fecha);
GRUPO;OK_EN_AMBOS;nvarchar;100;nvarchar;100;;CAMPANA;grupo;;
IDN1;OK_EN_AMBOS;int;NULL;int;;;PRODUCTO_CORE;idn1;"IDs legados del ERP; conservar como columnas de trazabilidad";
IDN4;OK_EN_AMBOS;int;NULL;int;;;PRODUCTO_CORE;idn4;"IDs legados del ERP; conservar como columnas de trazabilidad";
ID_CAMPANA_1;OK_EN_AMBOS;nvarchar;50;nvarchar;50;;PRODUCTO_CAMPANA;campana_id (FK);Pivotear _1.._4 → filas producto-campaña;
ID_CAMPANA_2;OK_EN_AMBOS;nvarchar;50;nvarchar;50;;PRODUCTO_CAMPANA;campana_id (FK);Pivotear _1.._4 → filas producto-campaña;
ID_CAMPANA_3;OK_EN_AMBOS;nvarchar;50;nvarchar;50;;PRODUCTO_CAMPANA;campana_id (FK);Pivotear _1.._4 → filas producto-campaña;
ID_CAMPANA_4;OK_EN_AMBOS;nvarchar;50;nvarchar;50;;PRODUCTO_CAMPANA;campana_id (FK);Pivotear _1.._4 → filas producto-campaña;
ID_LINEA_PRE;OK_EN_AMBOS;int;NULL;int;;;PRODUCTO_CORE;id_linea_pre;"IDs legados del ERP; conservar como columnas de trazabilidad";
ID_PARAMETRO_1_1;OK_EN_AMBOS;int;NULL;int;;;PRODUCTO_PARAMETRO;parametro_id (FK);"50 columnas ID_PARAMETRO → filas; el sufijo _1/_2 es dimensión del parámetro";
ID_PARAMETRO_1_10;OK_EN_AMBOS;int;NULL;int;;;PRODUCTO_PARAMETRO;parametro_id (FK);"50 columnas ID_PARAMETRO → filas; el sufijo _1/_2 es dimensión del parámetro";
ID_PARAMETRO_1_11;OK_EN_AMBOS;int;NULL;int;;;PRODUCTO_PARAMETRO;parametro_id (FK);"50 columnas ID_PARAMETRO → filas; el sufijo _1/_2 es dimensión del parámetro";
ID_PARAMETRO_1_12;OK_EN_AMBOS;int;NULL;int;;;PRODUCTO_PARAMETRO;parametro_id (FK);"50 columnas ID_PARAMETRO → filas; el sufijo _1/_2 es dimensión del parámetro";
ID_PARAMETRO_1_13;OK_EN_AMBOS;int;NULL;int;;;PRODUCTO_PARAMETRO;parametro_id (FK);"50 columnas ID_PARAMETRO → filas; el sufijo _1/_2 es dimensión del parámetro";
ID_PARAMETRO_1_14;OK_EN_AMBOS;int;NULL;int;;;PRODUCTO_PARAMETRO;parametro_id (FK);"50 columnas ID_PARAMETRO → filas; el sufijo _1/_2 es dimensión del parámetro";
ID_PARAMETRO_1_15;OK_EN_AMBOS;int;NULL;int;;;PRODUCTO_PARAMETRO;parametro_id (FK);"50 columnas ID_PARAMETRO → filas; el sufijo _1/_2 es dimensión del parámetro";
ID_PARAMETRO_1_16;OK_EN_AMBOS;int;NULL;int;;;PRODUCTO_PARAMETRO;parametro_id (FK);"50 columnas ID_PARAMETRO → filas; el sufijo _1/_2 es dimensión del parámetro";
ID_PARAMETRO_1_17;OK_EN_AMBOS;int;NULL;int;;;PRODUCTO_PARAMETRO;parametro_id (FK);"50 columnas ID_PARAMETRO → filas; el sufijo _1/_2 es dimensión del parámetro";
ID_PARAMETRO_1_18;OK_EN_AMBOS;int;NULL;int;;;PRODUCTO_PARAMETRO;parametro_id (FK);"50 columnas ID_PARAMETRO → filas; el sufijo _1/_2 es dimensión del parámetro";
ID_PARAMETRO_1_19;OK_EN_AMBOS;int;NULL;int;;;PRODUCTO_PARAMETRO;parametro_id (FK);"50 columnas ID_PARAMETRO → filas; el sufijo _1/_2 es dimensión del parámetro";
ID_PARAMETRO_1_2;OK_EN_AMBOS;int;NULL;int;;;PRODUCTO_PARAMETRO;parametro_id (FK);"50 columnas ID_PARAMETRO → filas; el sufijo _1/_2 es dimensión del parámetro";
ID_PARAMETRO_1_20;OK_EN_AMBOS;int;NULL;int;;;PRODUCTO_PARAMETRO;parametro_id (FK);"50 columnas ID_PARAMETRO → filas; el sufijo _1/_2 es dimensión del parámetro";
ID_PARAMETRO_1_21;OK_EN_AMBOS;int;NULL;int;;;PRODUCTO_PARAMETRO;parametro_id (FK);"50 columnas ID_PARAMETRO → filas; el sufijo _1/_2 es dimensión del parámetro";
ID_PARAMETRO_1_22;OK_EN_AMBOS;int;NULL;int;;;PRODUCTO_PARAMETRO;parametro_id (FK);"50 columnas ID_PARAMETRO → filas; el sufijo _1/_2 es dimensión del parámetro";
ID_PARAMETRO_1_23;OK_EN_AMBOS;int;NULL;int;;;PRODUCTO_PARAMETRO;parametro_id (FK);"50 columnas ID_PARAMETRO → filas; el sufijo _1/_2 es dimensión del parámetro";
ID_PARAMETRO_1_24;OK_EN_AMBOS;int;NULL;int;;;PRODUCTO_PARAMETRO;parametro_id (FK);"50 columnas ID_PARAMETRO → filas; el sufijo _1/_2 es dimensión del parámetro";
ID_PARAMETRO_1_25;OK_EN_AMBOS;int;NULL;int;;;PRODUCTO_PARAMETRO;parametro_id (FK);"50 columnas ID_PARAMETRO → filas; el sufijo _1/_2 es dimensión del parámetro";
ID_PARAMETRO_1_3;OK_EN_AMBOS;int;NULL;int;;;PRODUCTO_PARAMETRO;parametro_id (FK);"50 columnas ID_PARAMETRO → filas; el sufijo _1/_2 es dimensión del parámetro";
ID_PARAMETRO_1_4;OK_EN_AMBOS;int;NULL;int;;;PRODUCTO_PARAMETRO;parametro_id (FK);"50 columnas ID_PARAMETRO → filas; el sufijo _1/_2 es dimensión del parámetro";
ID_PARAMETRO_1_5;OK_EN_AMBOS;int;NULL;int;;;PRODUCTO_PARAMETRO;parametro_id (FK);"50 columnas ID_PARAMETRO → filas; el sufijo _1/_2 es dimensión del parámetro";
ID_PARAMETRO_1_6;OK_EN_AMBOS;int;NULL;int;;;PRODUCTO_PARAMETRO;parametro_id (FK);"50 columnas ID_PARAMETRO → filas; el sufijo _1/_2 es dimensión del parámetro";
ID_PARAMETRO_1_7;OK_EN_AMBOS;int;NULL;int;;;PRODUCTO_PARAMETRO;parametro_id (FK);"50 columnas ID_PARAMETRO → filas; el sufijo _1/_2 es dimensión del parámetro";
ID_PARAMETRO_1_8;OK_EN_AMBOS;int;NULL;int;;;PRODUCTO_PARAMETRO;parametro_id (FK);"50 columnas ID_PARAMETRO → filas; el sufijo _1/_2 es dimensión del parámetro";
ID_PARAMETRO_1_9;OK_EN_AMBOS;int;NULL;int;;;PRODUCTO_PARAMETRO;parametro_id (FK);"50 columnas ID_PARAMETRO → filas; el sufijo _1/_2 es dimensión del parámetro";
ID_PARAMETRO_2_1;OK_EN_AMBOS;int;NULL;int;;;PRODUCTO_PARAMETRO;parametro_id (FK);"50 columnas ID_PARAMETRO → filas; el sufijo _1/_2 es dimensión del parámetro";
ID_PARAMETRO_2_10;OK_EN_AMBOS;int;NULL;int;;;PRODUCTO_PARAMETRO;parametro_id (FK);"50 columnas ID_PARAMETRO → filas; el sufijo _1/_2 es dimensión del parámetro";
ID_PARAMETRO_2_11;OK_EN_AMBOS;int;NULL;int;;;PRODUCTO_PARAMETRO;parametro_id (FK);"50 columnas ID_PARAMETRO → filas; el sufijo _1/_2 es dimensión del parámetro";
ID_PARAMETRO_2_12;OK_EN_AMBOS;int;NULL;int;;;PRODUCTO_PARAMETRO;parametro_id (FK);"50 columnas ID_PARAMETRO → filas; el sufijo _1/_2 es dimensión del parámetro";
ID_PARAMETRO_2_13;OK_EN_AMBOS;int;NULL;int;;;PRODUCTO_PARAMETRO;parametro_id (FK);"50 columnas ID_PARAMETRO → filas; el sufijo _1/_2 es dimensión del parámetro";
ID_PARAMETRO_2_14;OK_EN_AMBOS;int;NULL;int;;;PRODUCTO_PARAMETRO;parametro_id (FK);"50 columnas ID_PARAMETRO → filas; el sufijo _1/_2 es dimensión del parámetro";
ID_PARAMETRO_2_15;OK_EN_AMBOS;int;NULL;int;;;PRODUCTO_PARAMETRO;parametro_id (FK);"50 columnas ID_PARAMETRO → filas; el sufijo _1/_2 es dimensión del parámetro";
ID_PARAMETRO_2_16;OK_EN_AMBOS;int;NULL;int;;;PRODUCTO_PARAMETRO;parametro_id (FK);"50 columnas ID_PARAMETRO → filas; el sufijo _1/_2 es dimensión del parámetro";
ID_PARAMETRO_2_17;OK_EN_AMBOS;int;NULL;int;;;PRODUCTO_PARAMETRO;parametro_id (FK);"50 columnas ID_PARAMETRO → filas; el sufijo _1/_2 es dimensión del parámetro";
ID_PARAMETRO_2_18;OK_EN_AMBOS;int;NULL;int;;;PRODUCTO_PARAMETRO;parametro_id (FK);"50 columnas ID_PARAMETRO → filas; el sufijo _1/_2 es dimensión del parámetro";
ID_PARAMETRO_2_19;OK_EN_AMBOS;int;NULL;int;;;PRODUCTO_PARAMETRO;parametro_id (FK);"50 columnas ID_PARAMETRO → filas; el sufijo _1/_2 es dimensión del parámetro";
ID_PARAMETRO_2_2;OK_EN_AMBOS;int;NULL;int;;;PRODUCTO_PARAMETRO;parametro_id (FK);"50 columnas ID_PARAMETRO → filas; el sufijo _1/_2 es dimensión del parámetro";
ID_PARAMETRO_2_20;OK_EN_AMBOS;int;NULL;int;;;PRODUCTO_PARAMETRO;parametro_id (FK);"50 columnas ID_PARAMETRO → filas; el sufijo _1/_2 es dimensión del parámetro";
ID_PARAMETRO_2_21;OK_EN_AMBOS;int;NULL;int;;;PRODUCTO_PARAMETRO;parametro_id (FK);"50 columnas ID_PARAMETRO → filas; el sufijo _1/_2 es dimensión del parámetro";
ID_PARAMETRO_2_22;OK_EN_AMBOS;int;NULL;int;;;PRODUCTO_PARAMETRO;parametro_id (FK);"50 columnas ID_PARAMETRO → filas; el sufijo _1/_2 es dimensión del parámetro";
ID_PARAMETRO_2_23;OK_EN_AMBOS;int;NULL;int;;;PRODUCTO_PARAMETRO;parametro_id (FK);"50 columnas ID_PARAMETRO → filas; el sufijo _1/_2 es dimensión del parámetro";
ID_PARAMETRO_2_24;OK_EN_AMBOS;int;NULL;int;;;PRODUCTO_PARAMETRO;parametro_id (FK);"50 columnas ID_PARAMETRO → filas; el sufijo _1/_2 es dimensión del parámetro";
ID_PARAMETRO_2_25;OK_EN_AMBOS;int;NULL;int;;;PRODUCTO_PARAMETRO;parametro_id (FK);"50 columnas ID_PARAMETRO → filas; el sufijo _1/_2 es dimensión del parámetro";
ID_PARAMETRO_2_3;OK_EN_AMBOS;int;NULL;int;;;PRODUCTO_PARAMETRO;parametro_id (FK);"50 columnas ID_PARAMETRO → filas; el sufijo _1/_2 es dimensión del parámetro";
ID_PARAMETRO_2_4;OK_EN_AMBOS;int;NULL;int;;;PRODUCTO_PARAMETRO;parametro_id (FK);"50 columnas ID_PARAMETRO → filas; el sufijo _1/_2 es dimensión del parámetro";
ID_PARAMETRO_2_5;OK_EN_AMBOS;int;NULL;int;;;PRODUCTO_PARAMETRO;parametro_id (FK);"50 columnas ID_PARAMETRO → filas; el sufijo _1/_2 es dimensión del parámetro";
ID_PARAMETRO_2_6;OK_EN_AMBOS;int;NULL;int;;;PRODUCTO_PARAMETRO;parametro_id (FK);"50 columnas ID_PARAMETRO → filas; el sufijo _1/_2 es dimensión del parámetro";
ID_PARAMETRO_2_7;OK_EN_AMBOS;int;NULL;int;;;PRODUCTO_PARAMETRO;parametro_id (FK);"50 columnas ID_PARAMETRO → filas; el sufijo _1/_2 es dimensión del parámetro";
ID_PARAMETRO_2_8;OK_EN_AMBOS;int;NULL;int;;;PRODUCTO_PARAMETRO;parametro_id (FK);"50 columnas ID_PARAMETRO → filas; el sufijo _1/_2 es dimensión del parámetro";
ID_PARAMETRO_2_9;OK_EN_AMBOS;int;NULL;int;;;PRODUCTO_PARAMETRO;parametro_id (FK);"50 columnas ID_PARAMETRO → filas; el sufijo _1/_2 es dimensión del parámetro";
IMAGEN_FECHA;OK_EN_AMBOS;datetime;NULL;datetime;;;PRODUCTO_AUDITORIA;campo / usuario / fecha;Pares *_FECHA / *_MODIFICO / *_TERMINAL → filas (producto_id, campo, usuario, fecha);
IMAGEN_TERMINAL;OK_EN_AMBOS;varchar;3;varchar;3;;PRODUCTO_AUDITORIA;campo / usuario / fecha;Pares *_FECHA / *_MODIFICO / *_TERMINAL → filas (producto_id, campo, usuario, fecha);
IMPORTADO_PRODUCTO;OK_EN_AMBOS;bit;NULL;bit;;;PRODUCTO_LOGISTICA;importado_producto;Comercio exterior;
INCORPORAR;OK_EN_AMBOS;nvarchar;50;nvarchar;50;;REVISAR/ELIMINAR;—;"Columna temporal, checklist o de proceso; validar si sigue en uso antes de migrar";
INDICE_GOOGLE;OK_EN_AMBOS;bit;NULL;bit;;;PRODUCTO_VISIBILIDAD;indice_google;Flags de visibilidad por canal → filas (producto_id, canal, visible);
INDICE_GOOGLE_NOT;OK_EN_AMBOS;int;NULL;int;;;PRODUCTO_VISIBILIDAD;indice_google_not;Flags de visibilidad por canal → filas (producto_id, canal, visible);
INTERNACIONAL;OK_EN_AMBOS;bit;NULL;bit;;;PRODUCTO_VISIBILIDAD;visible;canal/pais=INTERNACIONAL;
INVENTARIO;OK_EN_AMBOS;int;NULL;int;;;PRODUCTO_INVENTARIO;cantidad;"bodega=PRINCIPAL; EXISTENCIA hoy es nvarchar → convertir a numeric";
INVENTARIO_BOG;OK_EN_AMBOS;numeric;NULL;numeric;;;PRODUCTO_INVENTARIO;cantidad;bodega=BOGOTA;
INVENTARIO_CALI;OK_EN_AMBOS;numeric;NULL;numeric;;;PRODUCTO_INVENTARIO;cantidad;bodega=CALI;
ITEM;OK_EN_AMBOS;int;NULL;int;;;PRODUCTO_CORE;item_erp;ID del ERP World Office (mantener para trazabilidad);
IVA_MAYOR_COSTO_WO;OK_EN_AMBOS;bit;NULL;bit;;;PRODUCTO_FISCAL;iva_mayor_costo;Datos de impuestos 1:1;
IVA_PRODUCTO;OK_EN_AMBOS;numeric;NULL;numeric;;;PRODUCTO_FISCAL;iva_producto;Datos de impuestos 1:1;
IVA_WO;OK_EN_AMBOS;numeric;NULL;numeric;;;PRODUCTO_FISCAL;iva;Datos de impuestos 1:1;
LARGO;OK_EN_AMBOS;numeric;NULL;numeric;;;PRODUCTO_LOGISTICA;largo;Datos físicos/logísticos 1:1 → tabla satélite;
LEYENDA_ESPECIAL;OK_EN_AMBOS;nvarchar;255;nvarchar;255;;PRODUCTO_DESCRIPCION;texto;tipo=LEYENDA;
LINK_CAT;OK_EN_AMBOS;nvarchar;250;nvarchar;250;;PRODUCTO_DOCUMENTO;url;tipo/idioma = CATALOGO/es → filas (producto_id, tipo, idioma, url);
LINK_CAT_ESP;OK_EN_AMBOS;nvarchar;250;nvarchar;250;;PRODUCTO_DOCUMENTO;url;tipo/idioma = CATALOGO/es → filas (producto_id, tipo, idioma, url);
LINK_CAT_ING;OK_EN_AMBOS;nvarchar;250;nvarchar;250;;PRODUCTO_DOCUMENTO;url;tipo/idioma = CATALOGO/en → filas (producto_id, tipo, idioma, url);
LINK_GUIA_RAP;OK_EN_AMBOS;nvarchar;250;nvarchar;250;;PRODUCTO_DOCUMENTO;url;tipo/idioma = GUIA_RAPIDA/es → filas (producto_id, tipo, idioma, url);
LINK_GUIA_RAP_ESP;OK_EN_AMBOS;nvarchar;250;nvarchar;250;;PRODUCTO_DOCUMENTO;url;tipo/idioma = GUIA_RAPIDA/es → filas (producto_id, tipo, idioma, url);
LINK_GUIA_RAP_ING;OK_EN_AMBOS;nvarchar;250;nvarchar;250;;PRODUCTO_DOCUMENTO;url;tipo/idioma = GUIA_RAPIDA/en → filas (producto_id, tipo, idioma, url);
LINK_MAN;OK_EN_AMBOS;nvarchar;250;nvarchar;250;;PRODUCTO_DOCUMENTO;url;tipo/idioma = MANUAL/es → filas (producto_id, tipo, idioma, url);
LINK_MAN_ESP;OK_EN_AMBOS;nvarchar;250;nvarchar;250;;PRODUCTO_DOCUMENTO;url;tipo/idioma = MANUAL/es → filas (producto_id, tipo, idioma, url);
LINK_MAN_ING;OK_EN_AMBOS;nvarchar;250;nvarchar;250;;PRODUCTO_DOCUMENTO;url;tipo/idioma = MANUAL/en → filas (producto_id, tipo, idioma, url);
LINK_OTRA_INFO_ESP;OK_EN_AMBOS;nvarchar;250;nvarchar;250;;PRODUCTO_DOCUMENTO;url;tipo/idioma = OTRO/es → filas (producto_id, tipo, idioma, url);
LINK_OTRA_INFO_ING;OK_EN_AMBOS;nvarchar;250;nvarchar;250;;PRODUCTO_DOCUMENTO;url;tipo/idioma = OTRO/en → filas (producto_id, tipo, idioma, url);
LINK_PROD;OK_EN_AMBOS;nvarchar;250;nvarchar;250;;PRODUCTO_DOCUMENTO;url;tipo/idioma = PAGINA_PRODUCTO → filas (producto_id, tipo, idioma, url);
LINK_PROD2;OK_EN_AMBOS;nvarchar;250;nvarchar;250;;PRODUCTO_DOCUMENTO;url;tipo/idioma = PAGINA_PRODUCTO_2 → filas (producto_id, tipo, idioma, url);
LINK_PROV;OK_EN_AMBOS;nvarchar;250;nvarchar;250;;PRODUCTO_PROVEEDOR;link;Link del producto en el sitio del proveedor (misma fila);
LINK_PROVEEDOR_EQUIVALENTE;OK_EN_AMBOS;nvarchar;-1;nvarchar;MAX;LONGITUD_DISTINTA;PRODUCTO_EQUIVALENTE;link_proveedor;;
LINK_PROVEEDOR_IA;OK_EN_AMBOS;nvarchar;-1;nvarchar;MAX;LONGITUD_DISTINTA;PRODUCTO_IA;link_proveedor;Staging de enriquecimiento IA;
LINK_PROV_2;OK_EN_AMBOS;nvarchar;250;nvarchar;250;;PRODUCTO_PROVEEDOR;link;Link del producto en el sitio del proveedor (misma fila);
LINK_PROV_3;OK_EN_AMBOS;nvarchar;250;nvarchar;250;;PRODUCTO_PROVEEDOR;link;Link del producto en el sitio del proveedor (misma fila);
LINK_PROV_4;OK_EN_AMBOS;nvarchar;250;nvarchar;250;;PRODUCTO_PROVEEDOR;link;Link del producto en el sitio del proveedor (misma fila);
LINK_PROV_5;OK_EN_AMBOS;nvarchar;250;nvarchar;250;;PRODUCTO_PROVEEDOR;link;Link del producto en el sitio del proveedor (misma fila);
LINK_PROV_6;OK_EN_AMBOS;nvarchar;250;nvarchar;250;;PRODUCTO_PROVEEDOR;link;Link del producto en el sitio del proveedor (misma fila);
LINK_PROV_7;OK_EN_AMBOS;nvarchar;250;nvarchar;250;;PRODUCTO_PROVEEDOR;link;Link del producto en el sitio del proveedor (misma fila);
LINK_PROV_8;OK_EN_AMBOS;nvarchar;250;nvarchar;250;;PRODUCTO_PROVEEDOR;link;Link del producto en el sitio del proveedor (misma fila);
LINK_PROV_FECHA;OK_EN_AMBOS;datetime;NULL;datetime;;;PRODUCTO_AUDITORIA;campo / usuario / fecha;Pares *_FECHA / *_MODIFICO / *_TERMINAL → filas (producto_id, campo, usuario, fecha);
LINK_PROV_TERMINAL;OK_EN_AMBOS;nvarchar;3;nvarchar;3;;PRODUCTO_AUDITORIA;campo / usuario / fecha;Pares *_FECHA / *_MODIFICO / *_TERMINAL → filas (producto_id, campo, usuario, fecha);
LINK_PROV_VERIFICADO;OK_EN_AMBOS;bit;NULL;bit;;;PRODUCTO_PROVEEDOR;link_prov_verificado;Atributos de verificación de proveedor;
LINK_PROX;OK_EN_AMBOS;nvarchar;250;nvarchar;250;;PRODUCTO_DOCUMENTO;url;tipo/idioma = PROXIMO → filas (producto_id, tipo, idioma, url);
MARC;OK_EN_AMBOS;nvarchar;50;nvarchar;50;;MARCA;nombre;"Unificar MARCA_LET y MARC → tabla MARCA; en PRODUCTO_CORE solo queda marca_id (FK)";
MARCA_DIB;OK_EN_AMBOS;nvarchar;100;nvarchar;100;;MARCA;logo_url;Imagen/dibujo de la marca vive en MARCA, no en producto;
MARCA_EQUIVALENTE;OK_EN_AMBOS;nvarchar;50;nvarchar;50;;PRODUCTO_EQUIVALENTE;marca_equivalente;Va en la misma fila del equivalente correspondiente;
MARCA_EQUIVALENTE_2;OK_EN_AMBOS;nvarchar;50;nvarchar;50;;PRODUCTO_EQUIVALENTE;marca_equivalente;Va en la misma fila del equivalente correspondiente;
MARCA_KEY_64;OK_EN_AMBOS;nvarchar;64;nvarchar;64;;MARCA;key_slug;Slug único de la marca;
MARCA_LET;OK_EN_AMBOS;nvarchar;50;nvarchar;50;;MARCA;nombre;"Unificar MARCA_LET y MARC → tabla MARCA; en PRODUCTO_CORE solo queda marca_id (FK)";
MEMO_PEDIDO;OK_EN_AMBOS;nvarchar;255;nvarchar;255;;PRODUCTO_DESCRIPCION;texto;tipo=MEMO_PEDIDO;
MERCA_CLI;OK_EN_AMBOS;nvarchar;255;nvarchar;255;;PRODUCTO_CATEGORIA;categoria_id (FK);Dimensiones de mercado/cliente → categorías tipo=MERCADO;
MERCA_CLI_MERCA;OK_EN_AMBOS;nvarchar;255;nvarchar;255;;PRODUCTO_CATEGORIA;categoria_id (FK);Dimensiones de mercado/cliente → categorías tipo=MERCADO;
MODIFICO_COSTO;OK_EN_AMBOS;nvarchar;3;nvarchar;3;;PRODUCTO_AUDITORIA;campo / usuario / fecha;Pares *_FECHA / *_MODIFICO / *_TERMINAL → filas (producto_id, campo, usuario, fecha);
MONEDA;OK_EN_AMBOS;nvarchar;6;nvarchar;6;;PRODUCTO_PRECIO;moneda;Atributo de cada fila de precio;
MONEDA_EXTRANJERA;OK_EN_AMBOS;nvarchar;50;nvarchar;50;;PRODUCTO_PRECIO;moneda;Para filas de precio en divisa;
NIVEL_0;OK_EN_AMBOS;nvarchar;255;nvarchar;255;;CATEGORIA;nombre;"Jerarquía: NIVEL_0 → fila en CATEGORIA con nivel=0 y parent_id al nivel anterior; producto se une vía PRODUCTO_CATEGORIA";
NIVEL_0_MEMO;OK_EN_AMBOS;nvarchar;255;nvarchar;255;;CATEGORIA;nombre / memo / vista;Nivel raíz de la jerarquía;
NIVEL_0_VISTA;OK_EN_AMBOS;nvarchar;2;nvarchar;2;;CATEGORIA;vista;Atributo de la categoría, no del producto;
NIVEL_1;OK_EN_AMBOS;nvarchar;255;nvarchar;255;;CATEGORIA;nombre;"Jerarquía: NIVEL_1 → fila en CATEGORIA con nivel=1 y parent_id al nivel anterior; producto se une vía PRODUCTO_CATEGORIA";
NIVEL_1_KEY;OK_EN_AMBOS;nvarchar;128;nvarchar;128;;ELIMINAR;—;"Columnas KEY derivadas para índices; en el modelo nuevo son índices/computed columns";
NIVEL_1_VISTA;OK_EN_AMBOS;nvarchar;2;nvarchar;2;;CATEGORIA;vista;Atributo de la categoría, no del producto;
NIVEL_1_VISTA_EC;OK_EN_AMBOS;bit;NULL;bit;;;CATEGORIA_VISIBILIDAD;visible;Por categoría y país (EC/VE/INT) → filas;
NIVEL_1_VISTA_I;OK_EN_AMBOS;bit;NULL;bit;;;CATEGORIA_VISIBILIDAD;visible;Por categoría y país (EC/VE/INT) → filas;
NIVEL_1_VISTA_VE;OK_EN_AMBOS;bit;NULL;bit;;;CATEGORIA_VISIBILIDAD;visible;Por categoría y país (EC/VE/INT) → filas;
NIVEL_2;OK_EN_AMBOS;nvarchar;255;nvarchar;255;;CATEGORIA;nombre;"Jerarquía: NIVEL_2 → fila en CATEGORIA con nivel=2 y parent_id al nivel anterior; producto se une vía PRODUCTO_CATEGORIA";
NIVEL_2_VISTA;OK_EN_AMBOS;nvarchar;255;nvarchar;255;;CATEGORIA;vista;Atributo de la categoría, no del producto;
NIVEL_2_VISTA_EC;OK_EN_AMBOS;bit;NULL;bit;;;CATEGORIA_VISIBILIDAD;visible;Por categoría y país (EC/VE/INT) → filas;
NIVEL_2_VISTA_I;OK_EN_AMBOS;bit;NULL;bit;;;CATEGORIA_VISIBILIDAD;visible;Por categoría y país (EC/VE/INT) → filas;
NIVEL_2_VISTA_VE;OK_EN_AMBOS;bit;NULL;bit;;;CATEGORIA_VISIBILIDAD;visible;Por categoría y país (EC/VE/INT) → filas;
NIVEL_3;OK_EN_AMBOS;nvarchar;255;nvarchar;255;;CATEGORIA;nombre;"Jerarquía: NIVEL_3 → fila en CATEGORIA con nivel=3 y parent_id al nivel anterior; producto se une vía PRODUCTO_CATEGORIA";
NIVEL_3_VISTA;OK_EN_AMBOS;nvarchar;2;nvarchar;2;;CATEGORIA;vista;Atributo de la categoría, no del producto;
NIVEL_3_VISTA_EC;OK_EN_AMBOS;bit;NULL;bit;;;CATEGORIA_VISIBILIDAD;visible;Por categoría y país (EC/VE/INT) → filas;
NIVEL_3_VISTA_I;OK_EN_AMBOS;bit;NULL;bit;;;CATEGORIA_VISIBILIDAD;visible;Por categoría y país (EC/VE/INT) → filas;
NIVEL_3_VISTA_VE;OK_EN_AMBOS;bit;NULL;bit;;;CATEGORIA_VISIBILIDAD;visible;Por categoría y país (EC/VE/INT) → filas;
NIVEL_4;OK_EN_AMBOS;nvarchar;255;nvarchar;255;;CATEGORIA;nombre;"Jerarquía: NIVEL_4 → fila en CATEGORIA con nivel=4 y parent_id al nivel anterior; producto se une vía PRODUCTO_CATEGORIA";
NIVEL_4_VISTA;OK_EN_AMBOS;nvarchar;2;nvarchar;2;;CATEGORIA;vista;Atributo de la categoría, no del producto;
NIVEL_4_VISTA_EC;OK_EN_AMBOS;bit;NULL;bit;;;CATEGORIA_VISIBILIDAD;visible;Por categoría y país (EC/VE/INT) → filas;
NIVEL_4_VISTA_I;OK_EN_AMBOS;bit;NULL;bit;;;CATEGORIA_VISIBILIDAD;visible;Por categoría y país (EC/VE/INT) → filas;
NIVEL_4_VISTA_VE;OK_EN_AMBOS;bit;NULL;bit;;;CATEGORIA_VISIBILIDAD;visible;Por categoría y país (EC/VE/INT) → filas;
NOMBRE_MEMO;OK_EN_AMBOS;nvarchar;255;nvarchar;255;;PRODUCTO_DESCRIPCION;texto;tipo=NOTA_NOMBRE;
NONBRE_PRODUCTO;OK_EN_AMBOS;nvarchar;255;nvarchar;255;;PRODUCTO_CORE;nombre_producto;Corregir typo NONBRE→nombre;
N_COMPETENCIA_1;OK_EN_AMBOS;nvarchar;50;nvarchar;50;;PRODUCTO_PRECIO_COMPETENCIA;competidor;Misma fila del PV_COMPETENCIA_x;
N_COMPETENCIA_2;OK_EN_AMBOS;nvarchar;50;nvarchar;50;;PRODUCTO_PRECIO_COMPETENCIA;competidor;Misma fila del PV_COMPETENCIA_x;
N_COMPETENCIA_3;OK_EN_AMBOS;nvarchar;50;nvarchar;50;;PRODUCTO_PRECIO_COMPETENCIA;competidor;Misma fila del PV_COMPETENCIA_x;
OBSERVACION_IA;OK_EN_AMBOS;nvarchar;50;nvarchar;50;;PRODUCTO_IA;observacion_ia;Enriquecimiento IA → tabla staging separada del modelo transaccional;
OBS_PROD;OK_EN_AMBOS;nvarchar;-1;nvarchar;MAX;LONGITUD_DISTINTA;PRODUCTO_DESCRIPCION;texto;tipo=OBSERVACION;
OBS_STOCK;OK_EN_AMBOS;nvarchar;-1;nvarchar;MAX;LONGITUD_DISTINTA;PRODUCTO_INVENTARIO;obs_stock;Atributos de stock por bodega/registro;
OCULTAR_IMPRIMIR_WO;OK_EN_AMBOS;bit;NULL;bit;;;PRODUCTO_ERP_WO;ocultar_imprimir;Flags de configuración World Office → tabla satélite 1:1;
ORDEN_S;OK_EN_AMBOS;nvarchar;255;nvarchar;255;;CATEGORIA;orden / memo;Metadatos de ordenamiento y notas por nivel → columnas de CATEGORIA;
ORIGEN;OK_EN_AMBOS;nvarchar;10;nvarchar;10;;PRODUCTO_LOGISTICA;origen;Comercio exterior;
ORIGEN_FECHA;OK_EN_AMBOS;datetime;NULL;datetime;;;PRODUCTO_AUDITORIA;campo / usuario / fecha;Pares *_FECHA / *_MODIFICO / *_TERMINAL → filas (producto_id, campo, usuario, fecha);
ORIGEN_TERMINAL;OK_EN_AMBOS;nvarchar;3;nvarchar;3;;PRODUCTO_AUDITORIA;campo / usuario / fecha;Pares *_FECHA / *_MODIFICO / *_TERMINAL → filas (producto_id, campo, usuario, fecha);
OTRO_LINK_1;OK_EN_AMBOS;nvarchar;250;nvarchar;250;;PRODUCTO_DOCUMENTO;url;tipo/idioma = OTRO/es → filas (producto_id, tipo, idioma, url);
O_S_1;OK_EN_AMBOS;nvarchar;255;nvarchar;255;;CATEGORIA;alias;Alias/variantes con tilde para búsqueda → tabla CATEGORIA_ALIAS o índice full-text;
O_S_1_TILDE;OK_EN_AMBOS;nvarchar;255;nvarchar;255;;CATEGORIA;alias;Alias/variantes con tilde para búsqueda → tabla CATEGORIA_ALIAS o índice full-text;
O_S_2;OK_EN_AMBOS;nvarchar;255;nvarchar;255;;CATEGORIA;alias;Alias/variantes con tilde para búsqueda → tabla CATEGORIA_ALIAS o índice full-text;
O_S_2_TILDE;OK_EN_AMBOS;nvarchar;255;nvarchar;255;;CATEGORIA;alias;Alias/variantes con tilde para búsqueda → tabla CATEGORIA_ALIAS o índice full-text;
O_S_3;OK_EN_AMBOS;nvarchar;255;nvarchar;255;;CATEGORIA;alias;Alias/variantes con tilde para búsqueda → tabla CATEGORIA_ALIAS o índice full-text;
O_S_3_TILDE;OK_EN_AMBOS;nvarchar;255;nvarchar;255;;CATEGORIA;alias;Alias/variantes con tilde para búsqueda → tabla CATEGORIA_ALIAS o índice full-text;
O_S_4;OK_EN_AMBOS;nvarchar;255;nvarchar;255;;CATEGORIA;alias;Alias/variantes con tilde para búsqueda → tabla CATEGORIA_ALIAS o índice full-text;
O_S_4_TILDE;OK_EN_AMBOS;nvarchar;255;nvarchar;255;;CATEGORIA;alias;Alias/variantes con tilde para búsqueda → tabla CATEGORIA_ALIAS o índice full-text;
PALABRAS_CLAVE;OK_EN_AMBOS;nvarchar;255;nvarchar;255;;PRODUCTO_KEYWORD;keyword;Pivotear 9 columnas → filas (producto_id, keyword, orden);
PALABRA_CALVE_MARCA_2;OK_EN_AMBOS;nvarchar;255;nvarchar;255;;MARCA_KEYWORD;keyword;Pivotear 3 columnas → filas (marca_id, keyword);
PALABRA_CLAVE_1;OK_EN_AMBOS;nvarchar;255;nvarchar;255;;PRODUCTO_KEYWORD;keyword;Pivotear 9 columnas → filas (producto_id, keyword, orden);
PALABRA_CLAVE_2;OK_EN_AMBOS;nvarchar;255;nvarchar;255;;PRODUCTO_KEYWORD;keyword;Pivotear 9 columnas → filas (producto_id, keyword, orden);
PALABRA_CLAVE_3;OK_EN_AMBOS;nvarchar;255;nvarchar;255;;PRODUCTO_KEYWORD;keyword;Pivotear 9 columnas → filas (producto_id, keyword, orden);
PALABRA_CLAVE_4;OK_EN_AMBOS;nvarchar;255;nvarchar;255;;PRODUCTO_KEYWORD;keyword;Pivotear 9 columnas → filas (producto_id, keyword, orden);
PALABRA_CLAVE_5;OK_EN_AMBOS;nvarchar;255;nvarchar;255;;PRODUCTO_KEYWORD;keyword;Pivotear 9 columnas → filas (producto_id, keyword, orden);
PALABRA_CLAVE_6;OK_EN_AMBOS;nvarchar;255;nvarchar;255;;PRODUCTO_KEYWORD;keyword;Pivotear 9 columnas → filas (producto_id, keyword, orden);
PALABRA_CLAVE_7;OK_EN_AMBOS;nvarchar;255;nvarchar;255;;PRODUCTO_KEYWORD;keyword;Pivotear 9 columnas → filas (producto_id, keyword, orden);
PALABRA_CLAVE_8;OK_EN_AMBOS;nvarchar;255;nvarchar;255;;PRODUCTO_KEYWORD;keyword;Pivotear 9 columnas → filas (producto_id, keyword, orden);
PALABRA_CLAVE_MARCA_1;OK_EN_AMBOS;nvarchar;255;nvarchar;255;;MARCA_KEYWORD;keyword;Pivotear 3 columnas → filas (marca_id, keyword);
PALABRA_CLAVE_MARCA_3;OK_EN_AMBOS;nvarchar;255;nvarchar;255;;MARCA_KEYWORD;keyword;Pivotear 3 columnas → filas (marca_id, keyword);
PALABRA_CLAVE_VAR_1;OK_EN_AMBOS;nvarchar;255;nvarchar;255;;PRODUCTO_KEYWORD;keyword;tipo=VARIABLE;
PALABRA_CLAVE_VAR_2;OK_EN_AMBOS;nvarchar;255;nvarchar;255;;PRODUCTO_KEYWORD;keyword;tipo=VARIABLE;
PALABRA_CLAVE_VAR_3;OK_EN_AMBOS;nvarchar;255;nvarchar;255;;PRODUCTO_KEYWORD;keyword;tipo=VARIABLE;
PERTENECE_PRODUCTO_WO;OK_EN_AMBOS;bit;NULL;bit;;;PRODUCTO_ERP_WO;pertenece_producto;Flags de configuración World Office → tabla satélite 1:1;
PESO;OK_EN_AMBOS;numeric;NULL;numeric;;;PRODUCTO_LOGISTICA;peso;Datos físicos/logísticos 1:1 → tabla satélite;
PESO_FECHA;OK_EN_AMBOS;datetime;NULL;datetime;;;PRODUCTO_AUDITORIA;campo / usuario / fecha;Pares *_FECHA / *_MODIFICO / *_TERMINAL → filas (producto_id, campo, usuario, fecha);
PESO_TERMINAL;OK_EN_AMBOS;nvarchar;3;nvarchar;3;;PRODUCTO_AUDITORIA;campo / usuario / fecha;Pares *_FECHA / *_MODIFICO / *_TERMINAL → filas (producto_id, campo, usuario, fecha);
PESO_UNIDAD;OK_EN_AMBOS;nvarchar;2;nvarchar;2;;PRODUCTO_CORE;peso_unidad;;
PESO_VOLUMETRICO;OK_EN_AMBOS;numeric;NULL;numeric;;;PRODUCTO_LOGISTICA;peso_volumetrico;Datos físicos/logísticos 1:1 → tabla satélite;
PLURAL;OK_EN_AMBOS;nvarchar;255;nvarchar;255;;PRODUCTO_DESCRIPCION;texto;tipo=PLURAL (o campo en PRODUCTO_CORE si se usa mucho);
POSICION_1;OK_EN_AMBOS;int;NULL;int;;;PRODUCTO_INVENTARIO;posicion;Ubicación física → filas por bodega;
POSICION_2;OK_EN_AMBOS;int;NULL;int;;;PRODUCTO_INVENTARIO;posicion;Ubicación física → filas por bodega;
POSICION_3;OK_EN_AMBOS;int;NULL;int;;;PRODUCTO_INVENTARIO;posicion;Ubicación física → filas por bodega;
PRECIO_VENTA;OK_EN_AMBOS;numeric;NULL;numeric;;;PRODUCTO_PRECIO;valor;tipo_precio=PRECIO_VENTA, moneda=COP, es_actual=1;
PRECIO_VENTA_2_WO;OK_EN_AMBOS;numeric;NULL;numeric;;;PRODUCTO_PRECIO;valor;tipo_precio=PRECIO_VENTA_2, moneda=COP, es_actual=1;
PRECIO_VENTA_3_WO;OK_EN_AMBOS;numeric;NULL;numeric;;;PRODUCTO_PRECIO;valor;tipo_precio=PRECIO_VENTA_3, moneda=COP, es_actual=1;
PRECIO_VENTA_4_WO;OK_EN_AMBOS;numeric;NULL;numeric;;;PRODUCTO_PRECIO;valor;tipo_precio=PRECIO_VENTA_4, moneda=COP, es_actual=1;
PRECIO_VENTA_DOLAR;OK_EN_AMBOS;numeric;NULL;numeric;;;PRODUCTO_PRECIO;valor;tipo_precio=PRECIO_VENTA, moneda=USD, es_actual=1;
PRECIO_VISIBLE;OK_EN_AMBOS;bit;NULL;bit;;;PRODUCTO_VISIBILIDAD;precio_visible;Flags de visibilidad por canal → filas (producto_id, canal, visible);
PRE_PLUS;OK_EN_AMBOS;nvarchar;2;nvarchar;2;;REVISAR/ELIMINAR;—;"Columna temporal, checklist o de proceso; validar si sigue en uso antes de migrar";
PRIORIDAD_STOCK_1;OK_EN_AMBOS;nvarchar;2;nvarchar;2;;PRODUCTO_INVENTARIO;prioridad;Por bodega/canal;
PRIORIDAD_STOCK_2;OK_EN_AMBOS;nvarchar;2;nvarchar;2;;PRODUCTO_INVENTARIO;prioridad;Por bodega/canal;
PRIORIDAD_STOCK_3;OK_EN_AMBOS;nvarchar;2;nvarchar;2;;PRODUCTO_INVENTARIO;prioridad;Por bodega/canal;
PROCEDENCIA;OK_EN_AMBOS;nvarchar;50;nvarchar;50;;PRODUCTO_LOGISTICA;procedencia;Comercio exterior;
PRODUCTO_EXPRESS;OK_EN_AMBOS;bit;NULL;bit;;;PRODUCTO_CORE;es_express;;
PRODUCTO_WO;OK_EN_AMBOS;bit;NULL;bit;;;PRODUCTO_ERP_WO;producto;Flags de configuración World Office → tabla satélite 1:1;
PROD_MEMO;OK_EN_AMBOS;nvarchar;255;nvarchar;255;;CATEGORIA;orden / memo;Metadatos de ordenamiento y notas por nivel → columnas de CATEGORIA;
PROD_ORDEN;OK_EN_AMBOS;nvarchar;255;nvarchar;255;;CATEGORIA;orden / memo;Metadatos de ordenamiento y notas por nivel → columnas de CATEGORIA;
PROMOCION;OK_EN_AMBOS;nvarchar;50;nvarchar;50;;PRODUCTO_CAMPANA;—;Flag de promoción → participación en campaña tipo=PROMOCION;
PROVEEDOR;OK_EN_AMBOS;nvarchar;255;nvarchar;255;;PRODUCTO_PROVEEDOR;proveedor_id (FK);"Pivotear PROVEEDOR_1..8 → filas; crear tabla maestra PROVEEDOR";
PROVEEDOR_2;OK_EN_AMBOS;nvarchar;255;nvarchar;255;;PRODUCTO_PROVEEDOR;proveedor_id (FK);"Pivotear PROVEEDOR_1..8 → filas; crear tabla maestra PROVEEDOR";
PROVEEDOR_3;OK_EN_AMBOS;nvarchar;255;nvarchar;255;;PRODUCTO_PROVEEDOR;proveedor_id (FK);"Pivotear PROVEEDOR_1..8 → filas; crear tabla maestra PROVEEDOR";
PROVEEDOR_4;OK_EN_AMBOS;nvarchar;50;nvarchar;50;;PRODUCTO_PROVEEDOR;proveedor_id (FK);"Pivotear PROVEEDOR_1..8 → filas; crear tabla maestra PROVEEDOR";
PROVEEDOR_5;OK_EN_AMBOS;nvarchar;50;nvarchar;50;;PRODUCTO_PROVEEDOR;proveedor_id (FK);"Pivotear PROVEEDOR_1..8 → filas; crear tabla maestra PROVEEDOR";
PROVEEDOR_6;OK_EN_AMBOS;nvarchar;50;nvarchar;50;;PRODUCTO_PROVEEDOR;proveedor_id (FK);"Pivotear PROVEEDOR_1..8 → filas; crear tabla maestra PROVEEDOR";
PROVEEDOR_7;OK_EN_AMBOS;nvarchar;50;nvarchar;50;;PRODUCTO_PROVEEDOR;proveedor_id (FK);"Pivotear PROVEEDOR_1..8 → filas; crear tabla maestra PROVEEDOR";
PROVEEDOR_8;OK_EN_AMBOS;nvarchar;50;nvarchar;50;;PRODUCTO_PROVEEDOR;proveedor_id (FK);"Pivotear PROVEEDOR_1..8 → filas; crear tabla maestra PROVEEDOR";
PROVEEDOR_ESTADO;OK_EN_AMBOS;nvarchar;50;nvarchar;50;;PRODUCTO_PROVEEDOR;proveedor_estado;Atributos de verificación de proveedor;
PROVEEDOR_NO_COINCIDE;OK_EN_AMBOS;nvarchar;-1;nvarchar;MAX;LONGITUD_DISTINTA;PRODUCTO_PROVEEDOR;proveedor_no_coincide;Atributos de verificación de proveedor;
PSO;OK_EN_AMBOS;nvarchar;255;nvarchar;255;;PRODUCTO_CATEGORIA;categoria_id (FK);Dimensiones de mercado/cliente → categorías tipo=MERCADO;
PUBLICIDAD_EXCLUIR;OK_EN_AMBOS;int;NULL;int;;;PRODUCTO_VISIBILIDAD;publicidad;canal=PUBLICIDAD, incluir/excluir;
PUBLICIDAD_INCLUIR;OK_EN_AMBOS;int;NULL;int;;;PRODUCTO_VISIBILIDAD;publicidad;canal=PUBLICIDAD, incluir/excluir;
PUNTO_REORDEN_WO;OK_EN_AMBOS;numeric;NULL;numeric;;;PRODUCTO_INVENTARIO;punto_reorden;Parámetros de reposición;
PV_ANTERIOR;OK_EN_AMBOS;numeric;NULL;numeric;;;PRODUCTO_PRECIO;valor;Histórico: tipo_precio=PV, es_actual=0;
PV_COMPETENCIA_1;OK_EN_AMBOS;numeric;NULL;numeric;;;PRODUCTO_PRECIO_COMPETENCIA;precio;Pivotear _1.._3 → filas;
PV_COMPETENCIA_2;OK_EN_AMBOS;numeric;NULL;numeric;;;PRODUCTO_PRECIO_COMPETENCIA;precio;Pivotear _1.._3 → filas;
PV_COMPETENCIA_3;OK_EN_AMBOS;numeric;NULL;numeric;;;PRODUCTO_PRECIO_COMPETENCIA;precio;Pivotear _1.._3 → filas;
PV_FECHA;OK_EN_AMBOS;datetime;NULL;datetime;;;PRODUCTO_AUDITORIA;campo / usuario / fecha;Pares *_FECHA / *_MODIFICO / *_TERMINAL → filas (producto_id, campo, usuario, fecha);
PV_MODIFICO;OK_EN_AMBOS;nvarchar;3;nvarchar;3;;PRODUCTO_AUDITORIA;campo / usuario / fecha;Pares *_FECHA / *_MODIFICO / *_TERMINAL → filas (producto_id, campo, usuario, fecha);
REFERENCIA;OK_EN_AMBOS;nvarchar;50;nvarchar;50;;PRODUCTO_CORE;referencia;;
REFERENCIA_KEY;OK_EN_AMBOS;nvarchar;4000;nvarchar;4000;;ELIMINAR;—;"Columnas KEY derivadas para índices; en el modelo nuevo son índices/computed columns";
REFERENCIA_KEY_128;OK_EN_AMBOS;nvarchar;128;nvarchar;128;;ELIMINAR;—;"Columnas KEY derivadas para índices; en el modelo nuevo son índices/computed columns";
REF_ALTERNATIVA;OK_EN_AMBOS;nvarchar;255;nvarchar;255;;PRODUCTO_EQUIVALENTE;referencia_equivalente;tipo=REF_ALTERNATIVA;
SCORE_COSTO_DOLAR_IA;OK_EN_AMBOS;int;NULL;int;;;PRODUCTO_IA;score_costo_dolar_ia;Enriquecimiento IA → tabla staging separada del modelo transaccional;
SERVICIO_CLIENTE;OK_EN_AMBOS;nvarchar;100;nvarchar;100;;REVISAR/ELIMINAR;—;"Columna temporal, checklist o de proceso; validar si sigue en uso antes de migrar";
SS6_MEMO;OK_EN_AMBOS;nvarchar;255;nvarchar;255;;CATEGORIA;orden / memo;Metadatos de ordenamiento y notas por nivel → columnas de CATEGORIA;
SS6_ORDEN;OK_EN_AMBOS;nvarchar;255;nvarchar;255;;CATEGORIA;orden / memo;Metadatos de ordenamiento y notas por nivel → columnas de CATEGORIA;
SS_MEMO;OK_EN_AMBOS;nvarchar;255;nvarchar;255;;CATEGORIA;orden / memo;Metadatos de ordenamiento y notas por nivel → columnas de CATEGORIA;
SS_ORDEN;OK_EN_AMBOS;nvarchar;255;nvarchar;255;;CATEGORIA;orden / memo;Metadatos de ordenamiento y notas por nivel → columnas de CATEGORIA;
STOCK;OK_EN_AMBOS;numeric;NULL;numeric;;;PRODUCTO_INVENTARIO;stock;Atributos de stock por bodega/registro;
STOCK_ALTERNATIVA_CANTIDAD_PRODUCTO;OK_EN_AMBOS;int;NULL;int;;;PRODUCTO_INVENTARIO;alternativa / alternativa_cantidad;;
STOCK_ALTERNATIVA_PRODUCTO;OK_EN_AMBOS;nvarchar;50;nvarchar;50;;PRODUCTO_INVENTARIO;alternativa / alternativa_cantidad;;
STOCK_ENCONTRADO_1;OK_EN_AMBOS;bit;NULL;bit;;;PRODUCTO_PROVEEDOR;stock_rectificado / stock_encontrado;bits por proveedor → columnas de la fila proveedor;
STOCK_ENCONTRADO_2;OK_EN_AMBOS;bit;NULL;bit;;;PRODUCTO_PROVEEDOR;stock_rectificado / stock_encontrado;bits por proveedor → columnas de la fila proveedor;
STOCK_ENCONTRADO_3;OK_EN_AMBOS;bit;NULL;bit;;;PRODUCTO_PROVEEDOR;stock_rectificado / stock_encontrado;bits por proveedor → columnas de la fila proveedor;
STOCK_ENCONTRADO_4;OK_EN_AMBOS;bit;NULL;bit;;;PRODUCTO_PROVEEDOR;stock_rectificado / stock_encontrado;bits por proveedor → columnas de la fila proveedor;
STOCK_ENCONTRADO_5;OK_EN_AMBOS;bit;NULL;bit;;;PRODUCTO_PROVEEDOR;stock_rectificado / stock_encontrado;bits por proveedor → columnas de la fila proveedor;
STOCK_ENCONTRADO_6;OK_EN_AMBOS;bit;NULL;bit;;;PRODUCTO_PROVEEDOR;stock_rectificado / stock_encontrado;bits por proveedor → columnas de la fila proveedor;
STOCK_ENCONTRADO_7;OK_EN_AMBOS;bit;NULL;bit;;;PRODUCTO_PROVEEDOR;stock_rectificado / stock_encontrado;bits por proveedor → columnas de la fila proveedor;
STOCK_ENCONTRADO_8;OK_EN_AMBOS;bit;NULL;bit;;;PRODUCTO_PROVEEDOR;stock_rectificado / stock_encontrado;bits por proveedor → columnas de la fila proveedor;
STOCK_IA;OK_EN_AMBOS;nvarchar;50;nvarchar;50;;PRODUCTO_IA;stock_ia;Staging IA;
STOCK_ID;OK_EN_AMBOS;numeric;NULL;numeric;;;PRODUCTO_INVENTARIO;stock_id;Atributos de stock por bodega/registro;
STOCK_MINIMO;OK_EN_AMBOS;numeric;NULL;numeric;;;PRODUCTO_INVENTARIO;stock_minimo;Atributos de stock por bodega/registro;
STOCK_OBSERVACION_BUSQUEDA;OK_EN_AMBOS;nvarchar;255;nvarchar;255;;PRODUCTO_PROVEEDOR;stock_observacion_busqueda;Atributos de verificación de proveedor;
STOCK_PENDIENTE_PRODUCTO;OK_EN_AMBOS;bit;NULL;bit;;;PRODUCTO_INVENTARIO;stock_pendiente_producto;Atributos de stock por bodega/registro;
STOCK_RECTIFICADO_1;OK_EN_AMBOS;bit;NULL;bit;;;PRODUCTO_PROVEEDOR;stock_rectificado / stock_encontrado;bits por proveedor → columnas de la fila proveedor;
STOCK_RECTIFICADO_2;OK_EN_AMBOS;bit;NULL;bit;;;PRODUCTO_PROVEEDOR;stock_rectificado / stock_encontrado;bits por proveedor → columnas de la fila proveedor;
STOCK_RECTIFICADO_3;OK_EN_AMBOS;bit;NULL;bit;;;PRODUCTO_PROVEEDOR;stock_rectificado / stock_encontrado;bits por proveedor → columnas de la fila proveedor;
STOCK_RECTIFICADO_4;OK_EN_AMBOS;bit;NULL;bit;;;PRODUCTO_PROVEEDOR;stock_rectificado / stock_encontrado;bits por proveedor → columnas de la fila proveedor;
STOCK_RECTIFICADO_5;OK_EN_AMBOS;bit;NULL;bit;;;PRODUCTO_PROVEEDOR;stock_rectificado / stock_encontrado;bits por proveedor → columnas de la fila proveedor;
STOCK_RECTIFICADO_6;OK_EN_AMBOS;bit;NULL;bit;;;PRODUCTO_PROVEEDOR;stock_rectificado / stock_encontrado;bits por proveedor → columnas de la fila proveedor;
STOCK_RECTIFICADO_7;OK_EN_AMBOS;bit;NULL;bit;;;PRODUCTO_PROVEEDOR;stock_rectificado / stock_encontrado;bits por proveedor → columnas de la fila proveedor;
STOCK_RECTIFICADO_8;OK_EN_AMBOS;bit;NULL;bit;;;PRODUCTO_PROVEEDOR;stock_rectificado / stock_encontrado;bits por proveedor → columnas de la fila proveedor;
STOCK_SFE_LINK;OK_EN_AMBOS;nvarchar;100;nvarchar;100;;PRODUCTO_INVENTARIO;link_sistema;Links a SFE/SPA por registro de stock;
STOCK_SPA_LINK;OK_EN_AMBOS;nvarchar;100;nvarchar;100;;PRODUCTO_INVENTARIO;link_sistema;Links a SFE/SPA por registro de stock;
STOCK_SPA_LINK_2;OK_EN_AMBOS;nvarchar;300;nvarchar;300;;PRODUCTO_INVENTARIO;link_sistema;Links a SFE/SPA por registro de stock;
S_MEMO;OK_EN_AMBOS;nvarchar;500;nvarchar;500;;CATEGORIA;orden / memo;Metadatos de ordenamiento y notas por nivel → columnas de CATEGORIA;
TAREA_PRE;OK_EN_AMBOS;numeric;NULL;numeric;;;REVISAR/ELIMINAR;—;"Columna temporal, checklist o de proceso; validar si sigue en uso antes de migrar";
TIPO_EMPAQUE;OK_EN_AMBOS;nvarchar;50;nvarchar;50;;PRODUCTO_LOGISTICA;tipo_empaque;Datos físicos/logísticos 1:1 → tabla satélite;
TIPO_IVA_WO;OK_EN_AMBOS;nvarchar;50;nvarchar;50;;PRODUCTO_FISCAL;tipo_iva;Datos de impuestos 1:1;
TIT_CAR_IND_1;OK_EN_AMBOS;nvarchar;255;nvarchar;255;;PARAMETRO;nombre;Los títulos son la definición del parámetro (maestra);
TIT_CAR_IND_10;OK_EN_AMBOS;nvarchar;255;nvarchar;255;;PARAMETRO;nombre;Los títulos son la definición del parámetro (maestra);
TIT_CAR_IND_11;OK_EN_AMBOS;nvarchar;255;nvarchar;255;;PARAMETRO;nombre;Los títulos son la definición del parámetro (maestra);
TIT_CAR_IND_12;OK_EN_AMBOS;nvarchar;255;nvarchar;255;;PARAMETRO;nombre;Los títulos son la definición del parámetro (maestra);
TIT_CAR_IND_13;OK_EN_AMBOS;nvarchar;255;nvarchar;255;;PARAMETRO;nombre;Los títulos son la definición del parámetro (maestra);
TIT_CAR_IND_2;OK_EN_AMBOS;nvarchar;255;nvarchar;255;;PARAMETRO;nombre;Los títulos son la definición del parámetro (maestra);
TIT_CAR_IND_3;OK_EN_AMBOS;nvarchar;255;nvarchar;255;;PARAMETRO;nombre;Los títulos son la definición del parámetro (maestra);
TIT_CAR_IND_4;OK_EN_AMBOS;nvarchar;400;nvarchar;400;;PARAMETRO;nombre;Los títulos son la definición del parámetro (maestra);
TIT_CAR_IND_5;OK_EN_AMBOS;nvarchar;255;nvarchar;255;;PARAMETRO;nombre;Los títulos son la definición del parámetro (maestra);
TIT_CAR_IND_6;OK_EN_AMBOS;nvarchar;255;nvarchar;255;;PARAMETRO;nombre;Los títulos son la definición del parámetro (maestra);
TIT_CAR_IND_7;OK_EN_AMBOS;nvarchar;255;nvarchar;255;;PARAMETRO;nombre;Los títulos son la definición del parámetro (maestra);
TIT_CAR_IND_8;OK_EN_AMBOS;nvarchar;255;nvarchar;255;;PARAMETRO;nombre;Los títulos son la definición del parámetro (maestra);
TIT_CAR_IND_9;OK_EN_AMBOS;nvarchar;255;nvarchar;255;;PARAMETRO;nombre;Los títulos son la definición del parámetro (maestra);
TRANSPORTE;OK_EN_AMBOS;nvarchar;50;nvarchar;50;;PRODUCTO_LOGISTICA;transporte;Datos físicos/logísticos 1:1 → tabla satélite;
TRANSPORTE_FECHA;OK_EN_AMBOS;datetime;NULL;datetime;;;PRODUCTO_AUDITORIA;campo / usuario / fecha;Pares *_FECHA / *_MODIFICO / *_TERMINAL → filas (producto_id, campo, usuario, fecha);
TRANSPORTE_TERMINAL;OK_EN_AMBOS;nvarchar;3;nvarchar;3;;PRODUCTO_AUDITORIA;campo / usuario / fecha;Pares *_FECHA / *_MODIFICO / *_TERMINAL → filas (producto_id, campo, usuario, fecha);
ULTIMA_COMPRA_COSTEADO;OK_EN_AMBOS;bit;NULL;bit;;;PRODUCTO_COMPRA;—;"costeado; histórico de compras → filas, la ""última"" es MAX(fecha)";
ULTIMA_COMPRA_COSTO;OK_EN_AMBOS;numeric;NULL;numeric;;;PRODUCTO_COMPRA;—;"costo; histórico de compras → filas, la ""última"" es MAX(fecha)";
ULTIMA_COMPRA_FACTOR;OK_EN_AMBOS;numeric;NULL;numeric;;;PRODUCTO_COMPRA;—;"factor; histórico de compras → filas, la ""última"" es MAX(fecha)";
ULTIMA_COMPRA_FECHA;OK_EN_AMBOS;datetime;NULL;datetime;;;PRODUCTO_COMPRA;—;"fecha; histórico de compras → filas, la ""última"" es MAX(fecha)";
ULTIMA_COMPRA_IMPORTADO;OK_EN_AMBOS;bit;NULL;bit;;;PRODUCTO_COMPRA;—;"importado; histórico de compras → filas, la ""última"" es MAX(fecha)";
ULTIMA_COMPRA_OC;OK_EN_AMBOS;numeric;NULL;numeric;;;PRODUCTO_COMPRA;—;"oc; histórico de compras → filas, la ""última"" es MAX(fecha)";
UM_OBSERVACION;OK_EN_AMBOS;nvarchar;100;nvarchar;100;;PRODUCTO_AUDITORIA;campo / usuario / fecha;Pares *_FECHA / *_MODIFICO / *_TERMINAL → filas (producto_id, campo, usuario, fecha);
UNIDAD_MEDIDA_WO;OK_EN_AMBOS;nvarchar;50;nvarchar;50;;PRODUCTO_CORE;unidad_medida;;
UR;OK_EN_AMBOS;nvarchar;2;nvarchar;2;;REVISAR/ELIMINAR;—;"Columna temporal, checklist o de proceso; validar si sigue en uso antes de migrar";
UR_FECHA;OK_EN_AMBOS;datetime;NULL;datetime;;;PRODUCTO_AUDITORIA;campo / usuario / fecha;Pares *_FECHA / *_MODIFICO / *_TERMINAL → filas (producto_id, campo, usuario, fecha);
UR_MODIFICO;OK_EN_AMBOS;nvarchar;3;nvarchar;3;;PRODUCTO_AUDITORIA;campo / usuario / fecha;Pares *_FECHA / *_MODIFICO / *_TERMINAL → filas (producto_id, campo, usuario, fecha);
USUARIO_ELABORO;OK_EN_AMBOS;nvarchar;3;nvarchar;3;;PRODUCTO_AUDITORIA;campo / usuario / fecha;Pares *_FECHA / *_MODIFICO / *_TERMINAL → filas (producto_id, campo, usuario, fecha);
USUARIO_UM;OK_EN_AMBOS;nvarchar;3;nvarchar;3;;PRODUCTO_AUDITORIA;campo / usuario / fecha;Pares *_FECHA / *_MODIFICO / *_TERMINAL → filas (producto_id, campo, usuario, fecha);
UTILIDAD;OK_EN_AMBOS;numeric;NULL;numeric;;;PRODUCTO_PRECIO;valor;tipo_precio=UTILIDAD, moneda=%, es_actual=1;
UTILIDAD_ACTUALIZADA_TMP;OK_EN_AMBOS;bit;NULL;bit;;;REVISAR/ELIMINAR;—;"Columna temporal, checklist o de proceso; validar si sigue en uso antes de migrar";
UTILIDAD_ANTERIOR;OK_EN_AMBOS;numeric;NULL;numeric;;;PRODUCTO_PRECIO;valor;Histórico: tipo_precio=UTILIDAD, es_actual=0;
UTILIDAD_FECHA;OK_EN_AMBOS;datetime;NULL;datetime;;;PRODUCTO_AUDITORIA;campo / usuario / fecha;Pares *_FECHA / *_MODIFICO / *_TERMINAL → filas (producto_id, campo, usuario, fecha);
UTILIDAD_MODIFICO;OK_EN_AMBOS;nvarchar;3;nvarchar;3;;PRODUCTO_AUDITORIA;campo / usuario / fecha;Pares *_FECHA / *_MODIFICO / *_TERMINAL → filas (producto_id, campo, usuario, fecha);
VAR;OK_EN_AMBOS;nvarchar;100;nvarchar;100;;CATEGORIA;nombre;"Sub-niveles ""variable"" → más niveles de la misma jerarquía CATEGORIA";
VARIABLE;OK_EN_AMBOS;nvarchar;100;nvarchar;100;;CATEGORIA;nombre;"Sub-niveles ""variable"" → más niveles de la misma jerarquía CATEGORIA";
VARIABLE_2;OK_EN_AMBOS;nvarchar;100;nvarchar;100;;CATEGORIA;nombre;"Sub-niveles ""variable"" → más niveles de la misma jerarquía CATEGORIA";
VARIABLE_3;OK_EN_AMBOS;nvarchar;100;nvarchar;100;;CATEGORIA;nombre;"Sub-niveles ""variable"" → más niveles de la misma jerarquía CATEGORIA";
VARIABLE_MEMO;OK_EN_AMBOS;nvarchar;255;nvarchar;255;;CATEGORIA;orden / memo;Metadatos de ordenamiento y notas por nivel → columnas de CATEGORIA;
VARIABLE_ORD;OK_EN_AMBOS;nvarchar;255;nvarchar;255;;CATEGORIA;orden / memo;Metadatos de ordenamiento y notas por nivel → columnas de CATEGORIA;
VARIABLE_VISTA;OK_EN_AMBOS;nvarchar;2;nvarchar;2;;CATEGORIA;nombre;"Sub-niveles ""variable"" → más niveles de la misma jerarquía CATEGORIA";
VAR_MEMO;OK_EN_AMBOS;nvarchar;255;nvarchar;255;;CATEGORIA;orden / memo;Metadatos de ordenamiento y notas por nivel → columnas de CATEGORIA;
VAR_ORDEN;OK_EN_AMBOS;nvarchar;255;nvarchar;255;;CATEGORIA;orden / memo;Metadatos de ordenamiento y notas por nivel → columnas de CATEGORIA;
VENEZUELA;OK_EN_AMBOS;bit;NULL;bit;;;PRODUCTO_VISIBILIDAD;visible;canal/pais=VENEZUELA;
VERDE_FORZADO_H;OK_EN_AMBOS;bit;NULL;bit;;;PRODUCTO_VISIBILIDAD;verde_forzado_h;Flags de visibilidad por canal → filas (producto_id, canal, visible);
VIDEO;OK_EN_AMBOS;nvarchar;50;nvarchar;50;;PRODUCTO_DOCUMENTO;url;tipo/idioma = VIDEO → filas (producto_id, tipo, idioma, url);
VISIBLE_EN_LINEA;OK_EN_AMBOS;bit;NULL;bit;;;PRODUCTO_VISIBILIDAD;visible_en_linea;Flags de visibilidad por canal → filas (producto_id, canal, visible);
VISTA_SI;OK_EN_AMBOS;int;NULL;int;;;PRODUCTO_VISIBILIDAD;vista_si;Flags de visibilidad por canal → filas (producto_id, canal, visible);
VISTA_SI_FLAG;OK_EN_AMBOS;bit;NULL;bit;;;PRODUCTO_VISIBILIDAD;vista_si_flag;Flags de visibilidad por canal → filas (producto_id, canal, visible);
